,subreddit,body,created_utc,author
0,oknotizie,Opportuna la rinomina del decreto: Aprile....Maggio... e ora Rilancio.... senza data.,1589040349,boccia45
1,italy,"Decreto ~~aprile~~ ~~maggio~~ rilancio, i giornali non parlano di nuove regole per i cittadini",1589201918,sciemokilegge
2,italy,Ma quanto ci impiega questo decreto aprile/maggio/rilancio ad essere varato? Questo ritardo mi sembra un'enorme presa in giro nei confronti degli italiani che in questo periodo di emergenza si trovano con reddito ridotto e/o senza impiego.,1589214714,solomontaiwo96
3,italy,"Secondo voi quante possibilità ci sono che la bozza del decreto rilancio rimanga invariata?

Ho visto che gli econincentivi si portano dal 65% al 110% e mi si è rotto il boiler giusto ieri (....) :/",1589376418,GuyonWoW
4,italy,"Decreto Rilancio e ecobonus: qualcuno è riuscito a capire se si può prendere il bonus per pannelli fotovoltaici? In caso positivo, con quale allineamento degli astri?",1589399507,Garu94
5,italy,"[Perché il governo allunga fino al 31 gennaio 2021 lo stato di emergenza? ](https://www.agi.it/politica/news/2020-05-14/emergenza-coronavirus-costituzionalisti-decreto-rilancio-8603286/)

[Abbiamo chiesto un parere agli esperti Francesco Clementi e Giovanni Guzzetta](https://www.agi.it/politica/news/2020-05-14/emergenza-coronavirus-costituzionalisti-decreto-rilancio-8603286/)",1589439036,Independent-Duck
6,italy,"Il""Decreto Rilancio"" è un decreto legge, NON UN DPCM, e come tale deve prima essere approvato dal Parlamento.  
Questo lo dico perchè, dopo due mesi che si dice che viviamo sotto dittatura dei DPCM, vedo fin troppa gente che ora dice ""ma quando esce questo DPCM????"". Il Decreto della Presidenza del consiglio dei Ministri è un atto amministrativo, il Decreto Legge ha valenza di legge quando viene approvato dal Parlamento.",1589452092,santiagoreads
7,italy,"Buongiorno cari ritaliani, forse è ancora prematuro ma avrei un paio di domande:

- dopo il 18 maggio, il rientro in Italia dall’estero dovrà essere accompagnato dall’isolamento fiduciario obbligatorio di 14 giorni come previsto dal DPCM precedente? Si trova qualcosa nella bozza ultima del Decreto Rilancio?

- nel caso in cui si faccia un tragitto del tipo Italia-Germania-Italia per lavoro, quali sono i documenti che il datore di lavoro deve fornire necessariamente al dipendente? 

Grazie mille in anticipo!",1589537964,MarshallTNT
8,italy,I tuoi soldi finiscono nel decreto rilancio.,1589552397,DG1248
9,ItalyInformatica,"Pare che l'obbligo per chi è sotto i 400mila sia stato rimandato al 1 gennaio 2021 dal decreto ""Rilancio"".

Per esempio lo dicono qui:  [https://www.ipsoa.it/documents/fisco/iva/quotidiano/2020/05/13/decreto-rilancio-moratoria-corrispettivi-telematici-1-gennaio-2021](https://www.ipsoa.it/documents/fisco/iva/quotidiano/2020/05/13/decreto-rilancio-moratoria-corrispettivi-telematici-1-gennaio-2021)",1590407827,gdmg92
10,italy,"lo stato d'emergenza per il covi-19 è stato dichiarato per sei mesi, quindi fine luglio teoricamente decade ... da li potrà succedere di tutto. 

Non ho ben capito se il comitato Rodotà e il Capo dello stato hanno fatto togliere l'articolo per estendere ad ulteriori sei mesi lo stato d'emergenza inserito del decreto Rilancio.",1590423997,chutzpah_eXIT
11,ItaliaPersonalFinance,Sul decreto rilancio non hanno spostato? Per la causa di covid,1590577457,drex2194
12,italy,"Ma dal momento che la CIG in deroga copre 14 settimane, per me e per tutti gli altri che abbiano iniziato ad “usufruirne” la seconda settimana di Marzo vuol dire che siamo coperti fino alla prima/seconda settimana di Giugno, corretto? 

A me hanno comunicato oggi che non tornerò a lavoro, probabilmente per tutta l’estate (l’azienda aveva già problemi pre covid, probabile ne stia approfittando per mettere a posto i conti). 

Questo vuol dire che io da Giugno ad Settembre sono con le braghe calate? A cosa serve quindi il decreto rilancio dato che inizia ad avere validità dal 18 di Giugno? Mi perdo qualcosa io o è una grandissima presa per il culo? A cui si aggiunge il fatto che ovviamente i soldi di Marzo non sono ancora arrivati.",1590682098,bietola
13,italy,Ma con i licenziamenti bloccati e quindi l’impossibilità di andare in NasPI questo decreto rilancio che grandissima presa per il culo è?,1590685302,bietola
14,u_Gpensionati, Il Decreto Rilancio ha riconosciuto alcuni Bonus Coronavirus per le persone che hanno subito disagi economici per via delle misure introdotte dal Governo per limitare i contagi del Coronavirus.,1591014546,Gpensionati
15,italy,"&amp;#x200B;

*Lascio un sunto della Conferenza Stampa, per chi fosse interessato e non ha voglia di seguire i 43 minuti*:

&amp;#x200B;

**Conte** :

""La Commissione Europea ha messo sul tavolo 750 miliardi di € con il Recovery Fund a favore dei paesi più colpiti, dobbiamo cogliere questa opportunità, nel saper spendere bene i soldi. Stiamo lavorando sul Recovery Plan, un piano che dovrà raggiungere certi obiettivi fra i quali:

\- modernizzazione del paese, attraverso la digitalizzazione

\- investimenti sull'innovazione

\- banda larga per tutto il paese

\- capitalizzare le PMI

\-ACE (Aiuto alla Crescita Economica) , impresa 4.0

\- tagli alla burocrazia

\- investire nelle rete idriche - telematiche

\- transizione verso economia energetica sostenibile

\- puntare sul diritto allo studio

\- bandire migliaia di posti per ricercatori

\- abbattere i tempi della giustizia civile / penale, non sono accettabili, abbiamo un codice civile che risale al 1942

\- riforma fiscale

\- diminuire le diseguaglianze.

&amp;#x200B;

La somma che l'Italia riceverà non potrà essere considerata un tesoretto per il Governo in carica, ma è una somma per il paese.

Entro una settimana verranno richiamati i principali attori italiani, parti sociali, associazioni di categorie, menti brillanti, seguendo il report tecnico elaborato dal reparto socio / economico guidato da Colao.

Un progetto di rinascita in Italia.

&amp;#x200B;

Concludo con un piccolo esempio: oggi è partito per la prima volta da Torino, il freccia rossa a Reggio Calabria, dobbiamo lavorare all'alta velocità di rete, ad esempio realizzando la linea da Roma a Pescara, lungo la costa ionica e così via, abbiamo tanto da fare.

Dobbiamo realizzare la digitalizzazione del paese, sono sicuro che ce la faremo.

&amp;#x200B;

*Domande delle agenzie stampa*:

&amp;#x200B;

\- **ANSA** : lei ha delineato i primi tratti di un percorso di rilancio grazie ai personaggi economici, le volevo chiedere se avete in programma prima di Agosto di intervenire usando i fondi SURE e per quanto riguarda il MES sulla sanità. Infine, l'alta velocità, per quanto riguarda il ponte sullo Stretto, lo terrete in considerazione?

&amp;#x200B;

\- Sicuramente richiederemo di partecipare al SURE, anche BEI, per quanto riguarda il MES non cambio idea, come ho detto quando avremo tutti i documenti farò discussione in Parlamento, si parla sempre di un prestito non sono soldi regalati.

Il ponte sullo stretto, quando avremo fatto le opere che prima citavo, mi siederò ad un tavolo e valuterò anche il ponte.

&amp;#x200B;

&amp;#x200B;

\- **LA REPUBBLICA** : già dalla settimana prossima inizierà il giro d'incontri con le associazioni di categorie e i protagonisti economici, però non ha citato le opposizioni, non le prevede?

Domanda su Autostrade : qual è la sua posizione al riguardo? revoca concessione?

&amp;#x200B;

\- Ci sarà confronto anche con l'opposizione, si tratta di un Recovery Plan che designiamo insieme.

Autostrada : è ora di chiusura delle società quotate nei mercati, per quanto mi riguarda nulla è cambiato, c'è una procedura di revoca, sono provati inadempimenti, lo dico in ragione delle carte consultate per procedere alla revoca.

Lascio a voi considerare perché le proposte transative non sono state concluse.

&amp;#x200B;

&amp;#x200B;

\- **RADIO RAI** : mancano le premesse per il dialogo con l'opposizione, basti pensare alle parole di Bonomi. Austria ha riaperto i confini ma non all'Italia, cosa ne pensa?

&amp;#x200B;

\- Ci sono alcuni paesi che ritengono di adottare restrizioni, in realtà non vi è motivo nei confronti dell'Italia, non vorrei che dovessimo pagare per aver svolto un lavoro in massima trasparenza, sono decisioni discriminatorie inaccettabili.

Confindustria, sì con Bonobi ho un certo dialogo, sono espressioni infelici che rigettiamo al mittente, noi abbiamo la responsabilità di governare il paese ma son ben lieto delle loro proposte.

&amp;#x200B;

&amp;#x200B;

\- **TISCALI.IT** : Dati Istat sulla disoccupazione, al riguardo ieri abbiamo visto scene brutte nelle piazze, persone che chiedono lavoro e certezze, ora le chiedo quando, perché Settembre si avvicina, parliamo di circa 1 milione di disoccupati e sarebbe un disastro. I soldi che avremo dove andranno a confluire in particolare? Taglio delle tasse o creazione di posti di lavoro? Infine, il tavolo con tutti passa anche da un rimpasto di Governo?

&amp;#x200B;

\- Rimpasto di Governo non ha a che vedere con il progetto di rinascita del paese.

Sulla disoccupazione, lo stato c'è e non lascerà nessuno solo, c'è libertà di critica ma attenzione, facciamo una valutazione complessiva, io stesso sono insoddisfatto e stiamo lavorando al riguardo, se oggi i nostri cittadini avessero subito politiche applicate in altri stati non avremo vissuto queste condizioni favorevoli, come la cassa integrazione garantita sino ad Ottobre.

Strumenti europei, sul Recovery Fund abbiamo problema di immediata spendibilità: abbiamo fretta per lavorare il progetto per questo finanziamento, gli strumenti per anticipare sono modesti, comunque ci sono altri strumenti come il SURE e prestito BEI.

Sulle tasse : io ho parlato di riforme fiscali, l'ultima riforma organica è di 50 anni fa, intervenire oggi significa renderlo più equo.

&amp;#x200B;

&amp;#x200B;

\- **Quotidiano del Sud** : in questo progetto - paese l'unificazione delle due Italie ha per lei posto prioritario? E nel caso quali sono le tappe per la riunificazione del paese?

&amp;#x200B;

\- Il Sud avrà una attenzione privilegiata, stiamo lavorando addirittura ad una fiscalità di vantaggio per il Sud, destinatario di una misura per vincolo di legge. Il Sud ha bisogno di tanto, se riusciamo a programmarli e consentire una fiscalità di vantaggio possiamo attirare grandi capitali.

&amp;#x200B;

&amp;#x200B;

\- **TG3** : commento sulle immagini dal centro di Roma di ieri, mascherine - distanziamenti assenti. La scuola non è ripartita, garantisce per Settembre una ripartenza in aula?

&amp;#x200B;

&amp;#x200B;

\- Per quanto riguarda ieri in piazza, è giusta la manifestazione, purché rispettando le misure di sicurezza come sempre.

Sulla scuola avremmo una conferenza con Azzolina, sicuramente a Settembre si riaprirà la didattica in presenza.

Inoltre nel Decreto è consentito ad 8.000 sindaci di poter diventare commissari per opere d'edilizia scolastica, le risorse finanziare ci sono.

&amp;#x200B;

&amp;#x200B;

\- **AGENZIA DIRE** : l'Italia riparte ma i cantieri rimangono fermi, non è una sua priorità? Le imprese chiedono aiuto, lo stato chiederà garanzie per l'utilizzo di queste risorse?

&amp;#x200B;

\- Questione cantieri : nel Decreto Semplificazioni troverete novità sostanziali, stiamo lavorando per riformulare il reato  di abuso di ufficio e responsabilità erariale.

Rafforzerò i controlli e protocolli antimafia proprio perché andiamo a snellire alcuni passaggi, fatti questi controlli si procederà

Questo governo non ha una cultura collettivista, promuoviamo l'attività d'intrapresa, bisogna avere la cultura dell'attività d'impresa, ci confronteremo con le associazioni delle imprese per le riforme fiscali, però non può essere l'unico tema.

&amp;#x200B;

***FINE***",1591205926,The_Fadge
16,italy,"Devo acquistare una nuova auto, per voi è meglio aspettare il bonus rottamazione (3500€?) del decreto rilancio, sempre che venga accettato, oppure acquistarla ora con 3200€ in meno tra permuta e sconto assicurati?",1593775827,uchihapsy
17,italy,"In deficit abbiamo appena fatto:

- 25 miliardi per Cura Italia
- 55 per Decreto Rilancio (da approvare)

Il fabbisogno dello stato nel primo semestre è stato di 96 miliardi.

E con quelli, non facciamo default? Si sta parlando di come fare debito, non se.",1593959397,ilfu_nofishlikeian
18,italy,"  

Concessioni balneari: quelle spiagge da sogno a 520 euro fino al 2033

Si proroga (con il no Ue). Il provvedimento del governo criticato dalla Ragioneria dello Stato: in contrasto con l’Europa e lede gli interessi pubblici

La Ragioneria dello Stato non è d’accordo? Amen. È questa la risposta del governo alla strigliata ricevuta sulla **ennesima proroga per altri tredici anni delle concessioni balneari che una direttiva dell’Ue vieta dal lontano 2006**. Quando la Juventus giocava in serie B. Tutto regolare, per carità: entro certi limiti la politica può fare ciò che vuole. Anche infischiarsene dei conti e delle regole europee. Il segnale, però, lascia l’amaro in bocca. Sia chiaro: in questi mesi tremendi per l’economia dopo il coronavirus neppure gli europeisti più rigidi, i liberisti più ortodossi, gli ambientalisti più esigenti avrebbero storto il naso se l’Italia, dopo aver recepito con quattro anni di ritardo nel 2010 la cosiddetta «direttiva Bolkestein» e avere da allora tirato in lungo di rinvio in rinvio, avesse deciso una nuova proroga. Limitata nel tempo, però. Con buon senso. Concedere una dilazione così lunga fino al 31 dicembre 2033 per un totale di ventitré anni **rischia di sembrare una furbizia a chi quelle regole comunitarie sulle concessioni balneari le ha già applicate**. Come, ad esempio, la Francia. Dove i comuni hanno preteso e ottenuto di incassare, per le spiagge demaniali che appartengono a loro, assai più di una volta. A partire da plages celeberrime come quelle della Costa Azzurra.

##### La sentenza della Corte Ue

Una sentenza della Corte di giustizia Ue del luglio 2016, del resto, è netta: «Il diritto dell’Unione osta a che le concessioni per l’esercizio delle attività turistico-ricreative nelle aree demaniali marittime e lacustri siano **prorogate in modo automatico in assenza di qualsiasi procedura di selezione dei potenziali candidati**». Molti dei 30 mila concessionari italiani, che magari hanno quell’unica fonte di reddito, trasmessa a volte di padre in figlio, rischiano di uscirne con le ossa rotte? Sicuramente. Ed è giusto che chi governa ne tenga conto. Tant’è che **la destra pare condividere, per una volta, la linea giallo-rossa**. Anzi, il testo definitivo del Decreto rilancio si rifà direttamente, in copia incolla, a «quanto disposto nei riguardi dei concessionari dall’articolo 1, commi 682 e seguenti, della legge 30 dicembre 2018, n. 145».

##### Un giro d’affari da 15 miliardi

Per capirci: la proroga alla fine del 2033 decisa dal governo Conte versione giallo-verde, fortissimamente voluta dall’allora ministro del Turismo, il leghista Gian Marco Centinaio, e dal cliente del Papeete Matteo Salvini. Il tutto prima (ripetiamo: prima) della pandemia. Ma dopo **il dossier di Legambiente sulle 52.619 concessioni demaniali marittime**. Dossier che spiegava come nel 2016 (ultimo anno con dati disponibili) lo Stato avesse incassato «poco più di 103 milioni di euro dalle concessioni a fronte di un giro di affari stimato da Nomisma in almeno 15 miliardi di euro annui». **Con casi limite come la Costa Smeralda**: «Per la spiaggia di Liscia Ruja, l’hotel Cala di Volpe paga 520 euro l’anno». In totale «per le 59 concessioni del Comune di Arzachena lo Stato incamera canoni 19 mila euro l’anno». Numeri sbalorditivi. Al punto che **lo stesso Flavio Briatore spiegò al Corriere che «gli affitti delle concessioni balneari andrebbero rivisti tutti**. E almeno triplicati». «Parlo anche di me», aggiunse tranquillo, spiegando d’essere partito per il Twiga da un canone pagato dal vecchio concessionario di 4.322 euro l’anno per salire fino a 17.619». A fronte di un fatturato intorno ai quattro milioni.

##### La Ragioneria di Stato

Certo, non è il caso di **migliaia di proprietari di stabilimenti che tirano avanti con vecchie concessioni e faticano a fare un po’ di investimenti obbligati**. Ma va detto: quanti altri imprenditori giovani e ricchi di entusiasmo e di idee vengono tagliati fuori per decenni da proroghe continue, eterne e blindate? Davanti all’ennesima, **la Ragioneria dello Stato ha avuto da ridire ufficialmente**: «Le disposizioni in esame non risultano in linea con l’ottimale utilizzo dei beni pubblici anche in funzione della futura destinazione degli stessi a fini diversi, nel rispetto dell’interesse pubblico generale, in quanto consentirebbe la prosecuzione nell’utilizzo dei beni del demanio marittimo da parte dei medesimi soggetti, anche quando siano stati già avviati o siano da avviare i procedimenti per la devoluzione», cioè l’acquisizione diretta «senza alcun compenso o rimborso» delle opere «non amovibili eventualmente erette sulle aree demaniali». Di più: qualche proroga «consentirebbe di continuare l’utilizzo i beni del demanio marittimo anche da parte dei concessionari non in regola con il pagamento del canone di concessione demaniale, in chiaro contrasto con l’art. 47 c.n. che annovera l’omesso pagamento del canone tra le ipotesi di decadenza dalla concessione, e con intuibili ricadute sfavorevoli sul gettito delle entrate».

 

##### I principi di concorrenza

Di più ancora: una proroga così è «in contrasto coi principi di tutela della concorrenza e libertà di stabilimento sanciti dal diritto europeo, potendo suscitare per questo l’avvio di procedure di infrazione potenzialmente forîere di maggiori oneri a carico della finanza pubblica». **Procedura già avviata**. La delibera Ue spiega infatti: «L’autorizzazione è rilasciata per una durata limitata adeguata e non può prevedere la procedura di rinnovo automatico». Parole chiarissime. Cui il governo ha risposto stralciando solo le proroghe alle concessioni «pertinenziali» (trecento aziende circa, una minoranza che ora protesta ferita...) esposti alla revoca «per fatto e colpa del concessionario». **Per gli altri, tutto come prima**. Anzi, spiega il leader dei Verdi Angelo Bonelli, la nuova proroga giallo-rossa che copia quella giallo-verde «non ha altro senso se non frenare i contenziosi giuridico-amministrativi e premere sui Comuni decisi a rivedere le concessioni appellandosi alla direttiva Ue». Tanto non servirà niente, assicura l’avvocato Roberto Biagini, presidente del Coordinamento nazionale per il mare libero e le spiagge beni comuni: «A partire dal Tar del Veneto e da quello della Campania **ci sono già sentenze chiarissime**: proroghe come questa non si possono applicare contro leggi e sentenze europee».",1594279252,marecalmo45
19,ItaliaPersonalFinance,Dall'infografica presente [a questo link](https://www.money.it/bonus-vacanze-2020-requisiti-come-funziona-novita-decreto-rilancio) pare che si possa andare in vacanza da soli anche se l'importo è stato calcolato per l'intera famiglia.,1594378183,rhobis
20,italy,"Il decreto rilancio é stato approvato, le aziende possono usare altre 4 settimane di cassa integrazione già da adesso invece che in autunno",1594920892,w1tuz
21,italy,"Non ho seguito il Q &amp; A ma nella sua dichiarazione Conte a me è piaciuto, poiché:  


* Ha dato una programmazione, seppur di massima, delle riaperture. Insomma un mezzo piano lo si ha, non si improvvisa all'ultimo come prima.  
* Ha fatto intendere di essersi ""riappacificato"" con le regioni, che ora sono coinvolte direttamente in monitoraggio/riaperture/chiusure. E finalmente le riaperture potranno variare da regione a regione.
* Ha ribadito che seguirà il decreto semplificazioni. Cosa che in Italia serve da almeno 3 decenni, sai mai che fosse la volta buona.
* Ha annunciato provvedimenti a più lungo respiro, a seguire. Sai mai che fosse la volta buona anche per la miriade di riforme che servono a questo paese.

Infine era INFINITAMENTE meno stanco che nelle prime conferenze stampa, dandomi idea che stiano riprendendo un po' in mano la situazione rispetto all'inizio.",1589657646,Elfrago
22,italy,"&amp;#x200B;

*Lascio un sunto della Conferenza Stampa, per chi fosse interessato e non ha voglia di seguire i 43 minuti*:

&amp;#x200B;

**Conte** :

""La Commissione Europea ha messo sul tavolo 750 miliardi di € con il Recovery Fund a favore dei paesi più colpiti, dobbiamo cogliere questa opportunità, nel saper spendere bene i soldi. Stiamo lavorando sul Recovery Plan, un piano che dovrà raggiungere certi obiettivi fra i quali:

\- modernizzazione del paese, attraverso la digitalizzazione

\- investimenti sull'innovazione

\- banda larga per tutto il paese

\- capitalizzare le PMI

\-ACE (Aiuto alla Crescita Economica) , impresa 4.0

\- tagli alla burocrazia

\- investire nelle rete idriche - telematiche

\- transizione verso economia energetica sostenibile

\- puntare sul diritto allo studio

\- bandire migliaia di posti per ricercatori

\- abbattere i tempi della giustizia civile / penale, non sono accettabili, abbiamo un codice civile che risale al 1942

\- riforma fiscale

\- diminuire le diseguaglianze.

&amp;#x200B;

La somma che l'Italia riceverà non potrà essere considerata un tesoretto per il Governo in carica, ma è una somma per il paese.

Entro una settimana verranno richiamati i principali attori italiani, parti sociali, associazioni di categorie, menti brillanti, seguendo il report tecnico elaborato dal reparto socio / economico guidato da Colao.

Un progetto di rinascita in Italia.

&amp;#x200B;

Concludo con un piccolo esempio: oggi è partito per la prima volta da Torino, il freccia rossa a Reggio Calabria, dobbiamo lavorare all'alta velocità di rete, ad esempio realizzando la linea da Roma a Pescara, lungo la costa ionica e così via, abbiamo tanto da fare.

Dobbiamo realizzare la digitalizzazione del paese, sono sicuro che ce la faremo.

&amp;#x200B;

*Domande delle agenzie stampa*:

&amp;#x200B;

\- **ANSA** : lei ha delineato i primi tratti di un percorso di rilancio grazie ai personaggi economici, le volevo chiedere se avete in programma prima di Agosto di intervenire usando i fondi SURE e per quanto riguarda il MES sulla sanità. Infine, l'alta velocità, per quanto riguarda il ponte sullo Stretto, lo terrete in considerazione?

&amp;#x200B;

\- Sicuramente richiederemo di partecipare al SURE, anche BEI, per quanto riguarda il MES non cambio idea, come ho detto quando avremo tutti i documenti farò discussione in Parlamento, si parla sempre di un prestito non sono soldi regalati.

Il ponte sullo stretto, quando avremo fatto le opere che prima citavo, mi siederò ad un tavolo e valuterò anche il ponte.

&amp;#x200B;

&amp;#x200B;

\- **LA REPUBBLICA** : già dalla settimana prossima inizierà il giro d'incontri con le associazioni di categorie e i protagonisti economici, però non ha citato le opposizioni, non le prevede?

Domanda su Autostrade : qual è la sua posizione al riguardo? revoca concessione?

&amp;#x200B;

\- Ci sarà confronto anche con l'opposizione, si tratta di un Recovery Plan che designiamo insieme.

Autostrada : è ora di chiusura delle società quotate nei mercati, per quanto mi riguarda nulla è cambiato, c'è una procedura di revoca, sono provati inadempimenti, lo dico in ragione delle carte consultate per procedere alla revoca.

Lascio a voi considerare perché le proposte transative non sono state concluse.

&amp;#x200B;

&amp;#x200B;

\- **RADIO RAI** : mancano le premesse per il dialogo con l'opposizione, basti pensare alle parole di Bonomi. Austria ha riaperto i confini ma non all'Italia, cosa ne pensa?

&amp;#x200B;

\- Ci sono alcuni paesi che ritengono di adottare restrizioni, in realtà non vi è motivo nei confronti dell'Italia, non vorrei che dovessimo pagare per aver svolto un lavoro in massima trasparenza, sono decisioni discriminatorie inaccettabili.

Confindustria, sì con Bonobi ho un certo dialogo, sono espressioni infelici che rigettiamo al mittente, noi abbiamo la responsabilità di governare il paese ma son ben lieto delle loro proposte.

&amp;#x200B;

&amp;#x200B;

\- **TISCALI.IT** : Dati Istat sulla disoccupazione, al riguardo ieri abbiamo visto scene brutte nelle piazze, persone che chiedono lavoro e certezze, ora le chiedo quando, perché Settembre si avvicina, parliamo di circa 1 milione di disoccupati e sarebbe un disastro. I soldi che avremo dove andranno a confluire in particolare? Taglio delle tasse o creazione di posti di lavoro? Infine, il tavolo con tutti passa anche da un rimpasto di Governo?

&amp;#x200B;

\- Rimpasto di Governo non ha a che vedere con il progetto di rinascita del paese.

Sulla disoccupazione, lo stato c'è e non lascerà nessuno solo, c'è libertà di critica ma attenzione, facciamo una valutazione complessiva, io stesso sono insoddisfatto e stiamo lavorando al riguardo, se oggi i nostri cittadini avessero subito politiche applicate in altri stati non avremo vissuto queste condizioni favorevoli, come la cassa integrazione garantita sino ad Ottobre.

Strumenti europei, sul Recovery Fund abbiamo problema di immediata spendibilità: abbiamo fretta per lavorare il progetto per questo finanziamento, gli strumenti per anticipare sono modesti, comunque ci sono altri strumenti come il SURE e prestito BEI.

Sulle tasse : io ho parlato di riforme fiscali, l'ultima riforma organica è di 50 anni fa, intervenire oggi significa renderlo più equo.

&amp;#x200B;

&amp;#x200B;

\- **Quotidiano del Sud** : in questo progetto - paese l'unificazione delle due Italie ha per lei posto prioritario? E nel caso quali sono le tappe per la riunificazione del paese?

&amp;#x200B;

\- Il Sud avrà una attenzione privilegiata, stiamo lavorando addirittura ad una fiscalità di vantaggio per il Sud, destinatario di una misura per vincolo di legge. Il Sud ha bisogno di tanto, se riusciamo a programmarli e consentire una fiscalità di vantaggio possiamo attirare grandi capitali.

&amp;#x200B;

&amp;#x200B;

\- **TG3** : commento sulle immagini dal centro di Roma di ieri, mascherine - distanziamenti assenti. La scuola non è ripartita, garantisce per Settembre una ripartenza in aula?

&amp;#x200B;

&amp;#x200B;

\- Per quanto riguarda ieri in piazza, è giusta la manifestazione, purché rispettando le misure di sicurezza come sempre.

Sulla scuola avremmo una conferenza con Azzolina, sicuramente a Settembre si riaprirà la didattica in presenza.

Inoltre nel Decreto è consentito ad 8.000 sindaci di poter diventare commissari per opere d'edilizia scolastica, le risorse finanziare ci sono.

&amp;#x200B;

&amp;#x200B;

\- **AGENZIA DIRE** : l'Italia riparte ma i cantieri rimangono fermi, non è una sua priorità? Le imprese chiedono aiuto, lo stato chiederà garanzie per l'utilizzo di queste risorse?

&amp;#x200B;

\- Questione cantieri : nel Decreto Semplificazioni troverete novità sostanziali, stiamo lavorando per riformulare il reato  di abuso di ufficio e responsabilità erariale.

Rafforzerò i controlli e protocolli antimafia proprio perché andiamo a snellire alcuni passaggi, fatti questi controlli si procederà

Questo governo non ha una cultura collettivista, promuoviamo l'attività d'intrapresa, bisogna avere la cultura dell'attività d'impresa, ci confronteremo con le associazioni delle imprese per le riforme fiscali, però non può essere l'unico tema.

&amp;#x200B;

***FINE***",1591205926,The_Fadge
23,italy,[Bozza del decreto](https://www.corriere.it/politica/20_giugno_29/dl-semplificazioni-10a3f6e0-b9d8-11ea-9342-5efe2ae204a0.shtml) per chi fosse interessato,1593441864,Jaekys
24,italy,"[https://phastidio.net/2020/06/30/decreto-semplificazioni-meno-concorrenza-piu-incapacita/?fbclid=IwAR3VzFxlgXcLFpA3n4dlxWXuftZbOsFMnyC2BeRXPvYCeaMuPcdXhWVcGgo](https://phastidio.net/2020/06/30/decreto-semplificazioni-meno-concorrenza-piu-incapacita/?fbclid=IwAR3VzFxlgXcLFpA3n4dlxWXuftZbOsFMnyC2BeRXPvYCeaMuPcdXhWVcGgo)

forse ci sarebbero modi di tagliare gli adempimenti senza tagliare i controlli, e soprattutto la sembra che si intervenga solo sulla gara, quando la gara è solo uno dei tanti passaggi, l'esecuzione dei lavori non viene considerata minimamente.",1593512451,alexgatti
25,italy,la responsabilità se la prende il governo nel prossimo decreto semplificazioni,1594058473,leolego2
